Timestamp,Score,Time,Life,Score/10s,Life/10s,Reflexes,Ball Speed, Ball Spawn Rate, Life Spawn Rate
2023-08-10 16:00:19,4,8,10,0,0,0,10,4,8
2023-08-10 16:00:20,0,297.8021,3,0,1.5,0,30,5,5
2023-08-10 16:00:21,100,296.8044,3,0,1.5,0.7399852,30,5,5
2023-08-10 16:00:22,300,295.8005,3,150,2.25,0.7932602,30,5,5
2023-08-10 16:00:23,400,294.7925,3,150,2.25,0.6659017,30,5,5
2023-08-10 16:00:24,500,293.7915,3,175,2.625,0.5584812,30,5,5
2023-08-10 16:00:25,600,292.7919,3,175,2.625,0.7087028,30,5,5
2023-08-10 16:00:26,700,291.7925,3,187.5,2.8125,0.6165456,30,5,5
2023-08-10 16:00:27,900,290.7817,3,187.5,2.8125,0.7066433,30,5,5
2023-08-10 16:00:28,1000,289.7843,3,243.75,2.90625,0.7705213,30,5,5
2023-08-10 16:00:29,1000,288.7847,3,243.75,2.90625,0.7705213,30,5,5
2023-08-10 16:00:30,1100,287.785,3,171.875,2.953125,0.7980614,30,5,5
2023-08-10 16:00:31,1200,286.7727,3,171.875,2.953125,1.079651,30,5,5
2023-08-10 16:00:32,1300,285.7739,3,185.9375,2.976563,0.8458436,30,5,5
2023-08-10 16:00:33,1400,284.7734,3,185.9375,2.976563,0.7775437,30,5,5
2023-08-10 16:00:34,1600,283.7625,3,242.9688,2.988281,0.6962138,30,5,5
2023-08-10 16:00:35,1700,282.7634,3,242.9688,2.988281,0.598147,30,5,5
2023-08-10 16:00:36,1800,281.7645,3,221.4844,2.994141,0.5801766,30,5,5
2023-08-10 16:00:37,2000,280.7541,3,221.4844,2.994141,0.7022541,30,5,5
2023-08-10 16:00:38,2100,279.7517,3,260.7422,2.99707,0.6135534,30,5,5
2023-08-10 16:00:39,2300,278.7531,3,260.7422,2.99707,0.8063258,30,5,5
2023-08-10 16:00:40,2300,277.7521,3,230.3711,2.998535,0.8063258,30,5,5
2023-08-10 16:00:41,2400,276.7446,3,230.3711,2.998535,0.8044948,30,5,5
2023-08-10 16:00:42,2500,275.7402,3,215.1855,2.999268,0.7227049,30,5,5
2023-08-10 16:00:43,2500,274.7407,3,215.1855,2.999268,0.7227049,30,5,5
2023-08-10 16:00:44,2600,273.7404,3,157.5928,2.999634,0.5540738,30,5,5
2023-08-10 16:00:45,2800,272.7404,3,157.5928,2.999634,0.691322,30,5,5
2023-08-10 16:00:46,3000,271.7317,3,228.7964,2.999817,0.773949,30,5,5
2023-08-10 16:00:47,3200,270.7313,3,228.7964,2.999817,0.8092467,30,5,5
2023-08-10 16:00:48,3300,269.7325,3,314.3982,2.999908,0.6860383,30,5,5
2023-08-10 16:00:49,3400,268.7235,3,314.3982,2.999908,0.7362486,30,5,5
2023-08-10 16:00:50,3600,267.724,3,257.1991,2.999954,0.7597934,30,5,5
2023-08-10 16:00:51,3700,266.7209,3,257.1991,2.999954,0.6073766,30,5,5
2023-08-10 16:00:52,3700,265.7211,3,228.5995,2.999977,0.6073766,30,5,5
2023-08-10 16:00:53,3800,264.723,3,228.5995,2.999977,0.5961077,30,5,5
2023-08-10 16:00:54,4000,263.7244,3,214.2998,2.999989,0.768281,30,5,5
2023-08-10 16:00:55,4100,262.7127,3,214.2998,2.999989,0.6247277,30,5,5
2023-08-10 16:00:56,4200,261.7141,3,257.1499,2.999994,0.6177227,30,5,5
2023-08-10 16:00:57,4300,260.7136,3,257.1499,2.999994,0.6843115,30,5,5
2023-08-10 16:00:58,4500,259.7139,3,228.575,2.999997,0.7530481,30,5,5
2023-08-10 16:00:59,4600,258.7034,3,228.575,2.999997,0.5923253,30,5,5
2023-08-10 16:01:00,4800,257.7029,3,314.2875,2.999999,0.7102523,30,5,5
2023-08-10 16:01:01,4900,256.701,3,314.2875,2.999999,0.8412807,30,5,5
2023-08-10 16:01:02,5100,255.7008,3,257.1437,2.999999,0.8931748,30,5,5
2023-08-10 16:01:03,5100,254.7034,3,257.1437,2.999999,0.8931748,30,5,5
2023-08-10 16:01:04,5200,253.7037,3,228.5719,3,0.7858571,30,5,5
2023-08-10 16:01:05,5400,252.7031,3,228.5719,3,0.7397287,30,5,5
2023-08-10 16:01:06,5500,251.7039,3,264.2859,3,0.5998696,30,5,5
2023-08-10 16:01:07,5700,250.6913,3,264.2859,3,0.5840132,30,5,5
2023-08-10 16:01:08,5900,249.6942,3,332.143,3,0.7030445,30,5,5
2023-08-10 16:01:09,6000,248.6915,3,332.143,3,0.5477426,30,5,5
2023-08-10 16:01:10,6100,247.6833,3,266.0715,3,0.4998769,30,5,5
2023-08-10 16:01:11,6200,246.6824,3,266.0715,3,0.5392165,30,5,5
2023-08-10 16:01:12,6300,245.6808,3,233.0357,3,0.6457717,30,5,5
2023-08-10 16:01:13,6400,244.684,3,233.0357,3,0.6113819,30,5,5
2023-08-10 16:01:14,6500,243.6813,3,216.5179,3,0.4858209,30,5,5
2023-08-10 16:01:15,6700,242.6706,3,216.5179,3,0.7324868,30,5,5
2023-08-10 16:01:16,6900,241.6743,3,308.2589,3,0.6954575,30,5,5
2023-08-10 16:01:17,6900,240.6719,3,308.2589,3,0.6954575,30,5,5
2023-08-10 16:01:18,7000,239.664,3,204.1295,3,0.6606674,30,5,5
2023-08-10 16:01:19,7000,238.661,3,204.1295,3,0.6606674,30,5,5
2023-08-10 16:01:20,7100,237.6628,3,152.0647,3,0.5671406,30,5,5
2023-08-10 16:01:21,7200,236.6543,3,152.0647,3,0.6363134,30,5,5
2023-08-10 16:01:22,7400,235.6517,3,226.0324,3,0.9474657,30,5,5
2023-08-10 16:01:23,7600,234.6509,3,226.0324,3,0.9166893,30,5,5
2023-08-10 16:01:24,7700,233.6545,3,263.0162,3,0.7997525,30,5,5
2023-08-10 16:01:25,7800,232.6501,3,263.0162,3,0.6344153,30,5,5
2023-08-10 16:01:26,7800,231.6421,3,181.5081,3,0.6344153,30,5,5
2023-08-10 16:01:27,7900,230.6425,3,181.5081,3,0.5224422,30,5,5
2023-08-10 16:01:28,8000,229.6441,3,190.754,3,0.5051366,30,5,5
2023-08-10 16:01:29,8100,228.6324,3,190.754,3,0.6736498,30,5,5
2023-08-10 16:01:30,8100,227.6337,3,145.377,3,0.6736498,30,5,5
2023-08-10 16:01:31,8200,226.6306,3,145.377,3,0.6846871,30,5,5
2023-08-10 16:01:32,8300,225.6209,3,172.6885,3,0.5819371,30,5,5
2023-08-10 16:01:33,8400,224.6222,3,172.6885,3,0.8308321,30,5,5
2023-08-10 16:01:34,8400,223.6209,3,136.3443,3,0.8308321,30,5,5
2023-08-10 16:01:35,8500,222.6133,3,136.3443,3,0.6602433,30,5,5
2023-08-10 16:01:36,8600,221.6101,3,168.1721,3,0.6554581,30,5,5
2023-08-10 16:01:37,8600,220.614,3,168.1721,3,0.6554581,30,5,5
2023-08-10 16:01:38,8800,219.6122,3,184.0861,3,0.79295,30,5,5
2023-08-10 16:01:39,8900,218.6119,3,184.0861,3,0.6978323,30,5,5
2023-08-10 16:01:40,9100,217.6145,3,242.043,3,0.7166582,30,5,5
2023-08-10 16:01:41,9300,216.6037,3,242.043,3,0.7262341,30,5,5
2023-08-10 16:01:42,9500,215.6003,3,321.0215,3,0.7662009,30,5,5
2023-08-10 16:01:43,9700,214.6022,3,321.0215,3,0.79638,30,5,5
2023-08-10 16:01:44,9900,213.6001,3,360.5107,3,0.7982523,30,5,5
2023-08-10 16:01:45,10000,212.5924,3,360.5107,3,0.7634603,30,5,5
2023-08-10 16:01:46,10200,211.5919,3,330.2554,3,0.7343755,30,5,5
2023-08-10 16:01:47,10400,210.5925,3,330.2554,3,0.6752092,30,5,5
2023-08-10 16:01:48,10500,209.5903,3,315.1277,3,0.6439362,30,5,5
2023-08-10 16:01:49,10700,208.584,3,315.1277,3,0.6676693,30,5,5
2023-08-10 16:01:50,10900,207.5827,3,357.5638,3,0.7678542,30,5,5
2023-08-10 16:01:51,11000,206.5836,3,357.5638,3,0.7164619,30,5,5
2023-08-10 16:01:52,11100,205.5826,3,278.7819,3,0.7595257,30,5,5
2023-08-10 16:01:53,11100,204.5731,3,278.7819,3,0.7595257,30,5,5
2023-08-10 16:01:54,11100,203.5704,3,139.391,3,0.7595257,30,5,5
2023-08-10 16:01:55,11300,202.5719,3,139.391,3,0.7415591,30,5,5
2023-08-10 16:01:56,11400,201.5712,3,219.6955,3,0.6317545,30,5,5
2023-08-10 16:01:57,11500,200.5634,3,219.6955,3,0.6840107,30,5,5
2023-08-10 16:01:58,11700,199.5615,3,259.8477,3,0.8871225,30,5,5
2023-08-10 16:01:59,11800,198.5622,3,259.8477,3,0.6038433,30,5,5
2023-08-10 16:02:00,11800,197.5622,3,179.9239,3,0.6038433,30,5,5
2023-08-10 16:02:01,11900,196.561,3,179.9239,3,0.5679014,30,5,5
2023-08-10 16:02:02,12000,195.5516,3,189.9619,3,0.5511931,30,5,5
2023-08-10 16:02:03,12000,194.5501,3,189.9619,3,0.5511931,30,5,5
2023-08-10 16:02:04,12100,193.5511,3,144.981,3,0.4928512,30,5,5
2023-08-10 16:02:05,12200,192.5443,3,144.981,3,0.5080376,30,5,5
2023-08-10 16:02:06,12400,191.5451,3,222.4905,3,0.7518549,30,5,5
2023-08-10 16:02:07,12500,190.5423,3,222.4905,3,0.5651402,30,5,5
2023-08-10 16:02:08,12600,189.544,3,211.2452,3,0.5204203,30,5,5
2023-08-10 16:02:09,12700,188.5435,3,211.2452,3,0.781046,30,5,5
2023-08-10 16:02:10,12900,187.5432,3,255.6226,3,0.7972569,30,5,5
2023-08-10 16:02:11,13100,186.5419,3,255.6226,3,0.9583589,30,5,5
2023-08-10 16:02:12,13300,185.5333,3,327.8113,3,0.7724705,30,5,5
2023-08-10 16:02:13,13400,184.5341,3,327.8113,3,0.791398,30,5,5
2023-08-10 16:02:14,13600,183.5344,3,313.9056,3,0.8531668,30,5,5
2023-08-10 16:02:15,13700,182.5338,3,313.9056,3,0.667657,30,5,5
2023-08-10 16:02:16,13700,181.5213,3,206.9528,3,0.667657,30,5,5
2023-08-10 16:02:18,13800,180.5222,3,206.9528,3,0.744042,30,5,5
2023-08-10 16:02:19,13900,179.526,3,203.4764,3,0.4409086,30,5,5
2023-08-10 16:02:20,14100,178.5222,3,203.4764,3,0.6819525,30,5,5
2023-08-10 16:02:21,14300,177.5125,3,301.7382,3,0.9047258,30,5,5
2023-08-10 16:02:22,14400,176.5139,3,301.7382,3,0.8524293,30,5,5
2023-08-10 16:02:23,14500,175.5141,3,250.8691,3,0.7585778,30,5,5
2023-08-10 16:02:24,14600,174.5114,3,250.8691,3,0.98408,30,5,5
2023-08-10 16:02:25,14800,173.5011,3,275.4346,3,0.9795583,30,5,5
2023-08-10 16:02:26,14900,172.5014,3,275.4346,3,0.7272784,30,5,5
2023-08-10 16:02:27,14900,171.5039,3,187.7173,3,0.7272784,30,5,5
2023-08-10 16:02:28,15100,170.5041,3,187.7173,3,0.8841168,30,5,5
2023-08-10 16:02:29,15200,169.4903,3,243.8586,3,0.8107489,30,5,5
2023-08-10 16:02:30,15200,168.4926,3,243.8586,3,0.8107489,30,5,5
2023-08-10 16:02:31,15300,167.4911,3,121.9293,3,1.018976,30,5,5
2023-08-10 16:02:32,15500,166.4904,3,121.9293,3,0.909636,30,5,5
2023-08-10 16:02:33,15600,165.4823,3,260.9647,3,0.7722847,30,5,5
2023-08-10 16:02:34,15700,164.4818,3,260.9647,3,0.6345021,30,5,5
2023-08-10 16:02:35,15800,163.4802,3,230.4823,3,0.6742228,30,5,5
2023-08-10 16:02:36,16000,162.4813,3,230.4823,3,0.9096712,30,5,5
2023-08-10 16:02:37,16100,161.4805,3,265.2411,3,1.13656,30,5,5
2023-08-10 16:02:38,16200,160.4741,3,265.2411,3,0.9166077,30,5,5
2023-08-10 16:02:39,16200,159.4712,3,182.6206,3,0.9166077,30,5,5
2023-08-10 16:02:40,16300,158.4724,3,182.6206,3,0.836493,30,5,5
2023-08-10 16:02:41,16400,157.4708,2,191.3103,2.5,1.063104,30,5,5
2023-08-10 16:02:42,16400,156.4615,3,191.3103,2.5,1.063104,30,5,5
2023-08-10 16:02:43,16500,155.464,2,145.6552,2.25,1.066874,30,5,5
2023-08-10 16:02:44,16600,154.4642,2,145.6552,2.25,0.8450901,30,5,5
2023-08-10 16:02:45,16700,153.4624,2,172.8276,2.125,0.668799,30,5,5
2023-08-10 16:02:46,16700,152.4542,2,172.8276,2.125,0.668799,30,5,5
2023-08-10 16:02:47,16800,151.4502,2,136.4138,2.0625,0.5874742,30,5,5
2023-08-10 16:02:48,16800,150.4536,2,136.4138,2.0625,0.5874742,30,5,5
2023-08-10 16:02:49,16800,149.4534,2,68.20689,2.03125,0.5874742,30,5,5
2023-08-10 16:02:50,16900,148.4532,2,68.20689,2.03125,0.6309563,30,5,5
2023-08-10 16:02:51,17100,147.4447,2,184.1035,2.015625,0.7421316,30,5,5
2023-08-10 16:02:52,17300,146.443,2,184.1035,2.015625,0.4757703,30,5,5
2023-08-10 16:02:53,17300,145.4404,2,192.0517,2.007813,0.4757703,30,5,5
2023-08-10 16:02:54,17400,144.4333,2,192.0517,2.007813,0.8072287,30,5,5
2023-08-10 16:02:55,17400,143.4306,1,146.0259,1.503906,1.154248,30,5,5
2023-08-10 16:02:56,17400,142.4325,1,146.0259,1.503906,1.154248,30,5,5
2023-08-10 16:02:57,17500,141.4236,1,123.0129,1.251953,0.9743482,30,5,5
2023-08-10 16:02:58,17500,140.4243,1,123.0129,1.251953,0.9743482,30,5,5
2023-08-10 16:02:59,17600,139.4213,1,111.5065,1.125977,0.7248298,30,5,5
2023-08-10 16:03:00,17700,138.4135,1,111.5065,1.125977,0.8641925,30,5,5
2023-08-10 16:03:01,17900,137.4124,1,155.7532,1.062988,1.263217,30,5,5
2023-08-10 16:03:02,18000,136.4106,1,155.7532,1.062988,1.18839,30,5,5
2023-08-10 16:03:03,18100,135.41,1,227.8766,1.031494,0.6316883,30,5,5
2023-08-10 16:03:04,18300,134.4123,1,227.8766,1.031494,0.4649912,30,5,5
2023-08-10 16:03:05,18300,133.4021,1,213.9383,1.015747,0.4649912,30,5,5
2023-08-10 16:03:06,18400,132.4013,1,213.9383,1.015747,0.489638,30,5,5
2023-08-10 16:03:07,18700,131.4034,1,256.9691,1.007874,0.5462528,30,5,5
2023-08-10 16:03:08,18700,130.4033,1,256.9691,1.007874,0.5462528,30,5,5
2023-08-10 16:03:09,18700,129.4033,1,178.4846,1.003937,0.5462528,30,5,5
2023-08-10 16:03:10,18800,128.4,1,178.4846,1.003937,0.5970095,30,5,5
2023-08-10 16:03:11,18900,127.391,2,189.2423,1.501968,0.5671281,30,5,5
2023-08-10 16:03:12,19100,126.3925,2,189.2423,1.501968,0.8634694,30,5,5
2023-08-10 16:03:13,19200,125.3927,2,244.6211,1.750984,0.8430506,30,5,5
2023-08-10 16:03:14,19400,124.3916,2,244.6211,1.750984,0.8914496,30,5,5
2023-08-10 16:03:15,19500,123.3849,2,272.3106,1.875492,0.9084323,30,5,5
2023-08-10 16:03:16,19700,122.3839,2,272.3106,1.875492,1.134037,30,5,5
2023-08-10 16:03:17,19800,121.3805,2,286.1553,1.937746,0.8603001,30,5,5
2023-08-10 16:03:18,19800,120.3839,2,286.1553,1.937746,0.8603001,30,5,5
2023-08-10 16:03:19,19900,119.3807,2,193.0776,1.968873,0.7395067,30,5,5
2023-08-10 16:03:20,20000,118.3826,2,193.0776,1.968873,0.7574258,30,5,5
Timestamp,Score,Time,Life,Score/10s,Life/10s,Reflexes,Ball Speed, Ball Spawn Rate, Life Spawn Rate
2023-08-12 11:09:57,2600,0.001159668,1,6.795883E-30,1,1.500563,10,9,9
2023-08-12 11:09:58,0,285.1179,3,3.397942E-30,2,1.500563,30,5,5
2023-08-12 11:09:59,100,284.1122,3,3.397942E-30,2,1.221076,30,5,5
2023-08-12 11:10:00,100,283.1094,3,3.397942E-30,2,1.221076,30,5,5
2023-08-12 11:10:01,200,282.1071,2,3.397942E-30,2,1.325983,30,5,5
2023-08-12 11:10:04,200,281.0979,1,3.397942E-30,2,1.461646,30,5,5
2023-08-12 11:10:05,200,280.0925,1,3.397942E-30,2,1.483249,30,5,5
2023-08-12 11:10:06,200,279.0879,1,3.397942E-30,2,1.491823,30,5,5
2023-08-12 11:10:07,200,278.0925,1,3.397942E-30,2,1.499284,30,5,5
2023-08-12 11:10:08,200,277.0786,1,3.397942E-30,2,1.499284,30,5,5
2023-08-12 11:10:09,200,276.0841,1,3.397942E-30,2,1.501927,30,5,5
2023-08-12 11:10:10,200,275.0709,1,3.397942E-30,2,1.501927,30,5,5
2023-08-12 11:10:11,200,274.0677,1,3.397942E-30,2,1.501927,30,5,5
2023-08-12 11:10:12,200,273.0734,1,3.397942E-30,2,1.500527,30,5,5
2023-08-12 11:10:13,200,272.0651,1,3.397942E-30,2,1.502375,30,5,5
2023-08-12 11:10:14,200,271.0609,1,3.397942E-30,2,1.502375,30,5,5
2023-08-12 11:10:15,200,270.0571,1,3.397942E-30,2,1.502164,30,5,5
2023-08-12 11:10:16,200,269.0537,1,3.397942E-30,2,1.502699,30,5,5
2023-08-12 11:10:17,200,268.053,1,3.397942E-30,2,1.502998,30,5,5
2023-08-12 11:10:18,200,267.0485,1,3.397942E-30,2,1.503009,30,5,5
2023-08-12 11:10:19,200,266.0473,1,3.397942E-30,2,1.504117,30,5,5
2023-08-12 11:10:20,200,265.0397,1,3.397942E-30,2,1.501464,30,5,5
2023-08-12 11:10:21,200,264.0428,1,3.397942E-30,2,1.505699,30,5,5
2023-08-12 11:10:22,200,263.0322,1,3.397942E-30,2,1.50349,30,5,5
2023-08-12 11:10:23,200,262.0239,1,3.397942E-30,2,1.503241,30,5,5
2023-08-12 11:10:24,200,261.0184,1,3.397942E-30,2,1.502154,30,5,5
2023-08-12 11:10:25,200,260.0219,1,3.397942E-30,2,1.501489,30,5,5
2023-08-12 11:10:26,200,259.0139,1,3.397942E-30,2,1.502713,30,5,5
2023-08-12 11:10:27,200,258.0075,1,3.397942E-30,2,1.50363,30,5,5
2023-08-12 11:10:28,200,257.0111,1,3.397942E-30,2,1.505279,30,5,5
2023-08-12 11:10:29,200,256.0162,1,3.397942E-30,2,1.506317,30,5,5
2023-08-12 11:10:30,200,255.0088,1,3.397942E-30,2,1.506271,30,5,5
2023-08-12 11:10:31,200,254.0072,1,3.397942E-30,2,1.50602,30,5,5
2023-08-12 11:10:32,200,252.9928,1,3.397942E-30,2,1.503986,30,5,5
2023-08-12 11:10:33,200,251.987,1,3.397942E-30,2,1.501683,30,5,5
2023-08-12 11:10:34,200,250.9805,1,3.397942E-30,2,1.505053,30,5,5
2023-08-12 11:10:35,200,249.9781,1,3.397942E-30,2,1.503186,30,5,5
2023-08-12 11:10:36,200,248.9719,1,3.397942E-30,2,1.502524,30,5,5
2023-08-12 11:10:37,200,247.9744,1,3.397942E-30,2,1.501445,30,5,5
2023-08-12 11:10:38,200,246.9582,1,3.397942E-30,2,1.637255,30,5,5
2023-08-12 11:10:39,200,245.9528,1,3.397942E-30,2,1.637255,30,5,5
2023-08-12 11:10:40,200,244.9517,1,3.397942E-30,2,1.568857,30,5,5
2023-08-12 11:10:41,200,243.9396,1,3.397942E-30,2,1.517397,30,5,5
2023-08-12 11:10:42,200,242.9328,1,3.397942E-30,2,1.517397,30,5,5
2023-08-12 11:10:43,200,241.9306,1,3.397942E-30,2,1.510057,30,5,5
2023-08-12 11:10:44,200,240.9278,1,3.397942E-30,2,1.50602,30,5,5
2023-08-12 11:10:45,200,239.9233,1,3.397942E-30,2,1.502901,30,5,5
2023-08-12 11:10:46,200,238.9174,1,3.397942E-30,2,1.503617,30,5,5
2023-08-12 11:10:47,200,237.9233,1,3.397942E-30,2,1.50335,30,5,5
2023-08-12 11:10:48,200,236.9137,1,3.397942E-30,2,1.502011,30,5,5
2023-08-12 11:10:49,200,235.908,1,3.397942E-30,2,1.502011,30,5,5
2023-08-12 11:10:50,200,234.9037,1,3.397942E-30,2,1.502684,30,5,5
2023-08-12 11:10:51,200,233.904,1,3.397942E-30,2,1.50183,30,5,5
2023-08-12 11:10:52,200,232.8924,1,3.397942E-30,2,1.502975,30,5,5
2023-08-12 11:10:53,200,231.8915,1,3.397942E-30,2,1.504356,30,5,5
2023-08-12 11:10:54,200,230.892,1,3.397942E-30,2,1.503195,30,5,5
2023-08-12 11:10:55,200,229.8811,1,3.397942E-30,2,1.503195,30,5,5
2023-08-12 11:10:56,200,228.8842,1,3.397942E-30,2,1.504848,30,5,5
2023-08-12 11:10:57,200,227.8706,1,3.397942E-30,2,1.504848,30,5,5
2023-08-12 11:10:58,200,226.8701,1,3.397942E-30,2,1.504194,30,5,5
2023-08-12 11:10:59,200,225.8676,1,3.397942E-30,2,1.504194,30,5,5
2023-08-12 11:11:00,200,224.8719,1,3.397942E-30,2,1.504194,30,5,5
2023-08-12 11:11:01,200,223.8631,1,3.397942E-30,2,1.503608,30,5,5
2023-08-12 11:11:02,200,222.8587,1,3.397942E-30,2,1.503608,30,5,5
2023-08-12 11:11:03,200,221.8626,1,3.397942E-30,2,1.503608,30,5,5
2023-08-12 11:11:04,200,220.8489,1,3.397942E-30,2,1.503604,30,5,5
2023-08-12 11:11:05,200,219.8529,1,3.397942E-30,2,1.506394,30,5,5
2023-08-12 11:11:06,200,218.8401,1,3.397942E-30,2,1.502583,30,5,5
2023-08-12 11:11:07,200,217.8406,1,3.397942E-30,2,1.502583,30,5,5
2023-08-12 11:11:08,200,216.8273,1,3.397942E-30,2,1.501978,30,5,5
2023-08-12 11:11:09,200,215.8201,1,3.397942E-30,2,1.501978,30,5,5
2023-08-12 11:11:10,200,214.8175,1,3.397942E-30,2,1.501142,30,5,5
2023-08-12 11:11:11,200,213.8132,1,3.397942E-30,2,1.501746,30,5,5
2023-08-12 11:11:12,200,212.8109,1,3.397942E-30,2,1.503709,30,5,5
2023-08-12 11:11:13,200,211.8103,1,3.397942E-30,2,1.502679,30,5,5
2023-08-12 11:11:14,200,210.8038,1,3.397942E-30,2,1.505499,30,5,5
2023-08-12 11:11:15,200,209.8006,1,3.397942E-30,2,1.502931,30,5,5
2023-08-12 11:11:16,200,208.8022,1,3.397942E-30,2,1.501496,30,5,5
2023-08-12 11:11:17,200,207.7896,1,3.397942E-30,2,1.50206,30,5,5
2023-08-12 11:11:18,200,206.7837,1,3.397942E-30,2,1.50206,30,5,5
2023-08-12 11:11:19,200,205.7816,1,3.397942E-30,2,1.502526,30,5,5
2023-08-12 11:11:20,200,204.7811,1,3.397942E-30,2,1.501904,30,5,5
2023-08-12 11:11:21,200,203.7781,1,3.397942E-30,2,1.502005,30,5,5
2023-08-12 11:11:22,200,202.7724,1,3.397942E-30,2,1.505262,30,5,5
2023-08-12 11:11:23,200,201.7674,1,3.397942E-30,2,1.505262,30,5,5
2023-08-12 11:11:24,200,200.7715,1,3.397942E-30,2,1.506125,30,5,5
2023-08-12 11:11:25,200,199.7601,1,3.397942E-30,2,1.506125,30,5,5
2023-08-12 11:11:26,200,198.7525,1,3.397942E-30,2,1.503536,30,5,5
2023-08-12 11:11:27,200,197.7523,1,3.397942E-30,2,1.502165,30,5,5
2023-08-12 11:11:28,200,196.7481,1,3.397942E-30,2,1.502165,30,5,5
2023-08-12 11:11:29,200,195.7433,1,3.397942E-30,2,1.50093,30,5,5
2023-08-12 11:11:30,200,194.7448,1,3.397942E-30,2,1.504005,30,5,5
2023-08-12 11:11:31,200,193.7326,1,3.397942E-30,2,1.504005,30,5,5
2023-08-12 11:11:32,200,192.7303,1,3.397942E-30,2,1.501871,30,5,5
2023-08-12 11:11:33,200,191.7323,1,3.397942E-30,2,1.502782,30,5,5
2023-08-12 11:11:34,200,190.7236,1,3.397942E-30,2,1.503832,30,5,5
2023-08-12 11:11:35,200,189.7208,1,3.397942E-30,2,1.503106,30,5,5
2023-08-12 11:11:36,200,188.7203,1,3.397942E-30,2,1.503232,30,5,5
2023-08-12 11:11:37,200,187.7235,1,3.397942E-30,2,1.503477,30,5,5
2023-08-12 11:11:38,200,186.7213,1,3.397942E-30,2,1.503477,30,5,5
2023-08-12 11:11:39,200,185.713,1,3.397942E-30,2,1.503477,30,5,5
2023-08-12 11:11:40,200,184.7095,1,3.397942E-30,2,1.50415,30,5,5
2023-08-12 11:11:41,200,183.7119,1,3.397942E-30,2,1.504516,30,5,5
2023-08-12 11:11:42,200,182.6987,1,3.397942E-30,2,1.503204,30,5,5
2023-08-12 11:11:43,200,181.6939,1,3.397942E-30,2,1.501617,30,5,5
2023-08-12 11:11:44,200,180.6927,1,3.397942E-30,2,1.503403,30,5,5
2023-08-12 11:11:45,200,179.6907,1,3.397942E-30,2,1.505135,30,5,5
2023-08-12 11:11:46,200,178.6937,1,3.397942E-30,2,1.506123,30,5,5
2023-08-12 11:11:47,200,177.6824,1,3.397942E-30,2,1.506085,30,5,5
2023-08-12 11:11:48,200,176.6782,1,3.397942E-30,2,1.504268,30,5,5
2023-08-12 11:11:49,200,175.6772,1,3.397942E-30,2,1.504268,30,5,5
2023-08-12 11:11:50,200,174.6832,1,3.397942E-30,2,1.505872,30,5,5
2023-08-12 11:11:51,200,173.682,1,3.397942E-30,2,1.505872,30,5,5
2023-08-12 11:11:52,200,172.6737,1,3.397942E-30,2,1.504035,30,5,5
2023-08-12 11:11:53,200,171.6677,1,3.397942E-30,2,1.504169,30,5,5
2023-08-12 11:11:54,200,170.6637,1,3.397942E-30,2,1.505029,30,5,5
2023-08-12 11:11:55,200,169.664,1,3.397942E-30,2,1.505597,30,5,5
2023-08-12 11:11:56,200,168.6616,1,3.397942E-30,2,1.501605,30,5,5
2023-08-12 11:11:57,200,167.6472,1,3.397942E-30,2,1.502802,30,5,5
2023-08-12 11:11:58,200,166.6521,1,3.397942E-30,2,1.504834,30,5,5
2023-08-12 11:11:59,200,165.6423,1,3.397942E-30,2,1.504834,30,5,5
2023-08-12 11:12:00,200,164.6394,1,3.397942E-30,2,1.503149,30,5,5
2023-08-12 11:12:01,200,163.6421,1,3.397942E-30,2,1.503772,30,5,5
2023-08-12 11:12:02,200,162.6327,1,3.397942E-30,2,1.503992,30,5,5
2023-08-12 11:12:03,200,161.6311,1,3.397942E-30,2,1.494992,30,5,5
2023-08-12 11:12:04,200,160.628,1,3.397942E-30,2,1.498503,30,5,5
2023-08-12 11:12:05,200,159.632,1,3.397942E-30,2,1.500549,30,5,5
2023-08-12 11:12:06,200,158.6302,1,3.397942E-30,2,1.500549,30,5,5
2023-08-12 11:12:07,200,157.6227,1,3.397942E-30,2,1.50267,30,5,5
2023-08-12 11:12:08,200,156.6249,1,3.397942E-30,2,1.501011,30,5,5
2023-08-12 11:12:09,200,155.6229,1,3.397942E-30,2,1.502336,30,5,5
2023-08-12 11:12:10,200,154.6102,1,3.397942E-30,2,1.503674,30,5,5
2023-08-12 11:12:11,200,153.6068,1,3.397942E-30,2,1.502218,30,5,5
2023-08-12 11:12:12,200,152.6053,1,3.397942E-30,2,1.502528,30,5,5
2023-08-12 11:12:13,200,151.5982,1,3.397942E-30,2,1.502073,30,5,5
2023-08-12 11:12:14,200,150.603,1,3.397942E-30,2,1.503463,30,5,5
2023-08-12 11:12:15,200,149.5939,1,3.397942E-30,2,1.50489,30,5,5
2023-08-12 11:12:16,200,148.5852,1,3.397942E-30,2,1.503711,30,5,5
2023-08-12 11:12:17,200,147.5781,1,3.397942E-30,2,1.504724,30,5,5
2023-08-12 11:12:18,200,146.5709,1,3.397942E-30,2,1.505187,30,5,5
2023-08-12 11:12:19,200,145.5716,1,3.397942E-30,2,1.505706,30,5,5
2023-08-12 11:12:20,200,144.5716,1,3.397942E-30,2,1.506302,30,5,5
2023-08-12 11:12:21,200,143.5591,1,3.397942E-30,2,1.504127,30,5,5
2023-08-12 11:12:22,200,142.5591,1,3.397942E-30,2,1.504374,30,5,5
2023-08-12 11:12:23,200,141.5626,1,3.397942E-30,2,1.505116,30,5,5
2023-08-12 11:12:24,200,140.5483,1,3.397942E-30,2,1.507344,30,5,5
2023-08-12 11:12:26,200,139.5396,1,3.397942E-30,2,1.506162,30,5,5
2023-08-12 11:12:27,200,138.5432,1,3.397942E-30,2,1.505912,30,5,5
2023-08-12 11:12:28,200,137.5322,1,3.397942E-30,2,1.502004,30,5,5
2023-08-12 11:12:29,200,136.5345,1,3.397942E-30,2,1.501033,30,5,5
2023-08-12 11:12:30,200,135.523,1,3.397942E-30,2,1.502149,30,5,5
2023-08-12 11:12:31,200,134.5174,1,3.397942E-30,2,1.505057,30,5,5
2023-08-12 11:12:32,200,133.5071,1,3.397942E-30,2,1.505057,30,5,5
2023-08-12 11:12:33,200,132.5101,1,3.397942E-30,2,1.504354,30,5,5
2023-08-12 11:12:34,200,131.4976,1,3.397942E-30,2,1.501615,30,5,5
2023-08-12 11:12:35,200,130.4924,1,3.397942E-30,2,1.5036,30,5,5
2023-08-12 11:12:36,200,129.4901,1,3.397942E-30,2,1.503707,30,5,5
2023-08-12 11:12:37,200,128.4875,1,3.397942E-30,2,1.502689,30,5,5
2023-08-12 11:12:38,200,127.4817,1,3.397942E-30,2,1.503298,30,5,5
2023-08-12 11:12:39,200,126.4801,1,3.397942E-30,2,1.502503,30,5,5
2023-08-12 11:12:40,200,125.4797,1,3.397942E-30,2,1.503441,30,5,5
2023-08-12 11:12:41,200,124.4779,1,3.397942E-30,2,1.503414,30,5,5
2023-08-12 11:12:42,200,123.4802,1,3.397942E-30,2,1.501128,30,5,5
2023-08-12 11:12:43,200,122.4704,1,3.397942E-30,2,1.501128,30,5,5
2023-08-12 11:12:44,200,121.4749,1,3.397942E-30,2,1.503341,30,5,5
2023-08-12 11:12:45,200,120.4639,1,3.397942E-30,2,1.50309,30,5,5
2023-08-12 11:12:46,200,119.4631,1,3.397942E-30,2,1.502582,30,5,5
2023-08-12 11:12:47,200,118.458,1,3.397942E-30,2,1.503992,30,5,5
2023-08-12 11:12:48,200,117.457,1,3.397942E-30,2,1.504111,30,5,5
2023-08-12 11:12:49,200,116.4618,1,3.397942E-30,2,1.502361,30,5,5
2023-08-12 11:12:50,200,115.4517,1,3.397942E-30,2,1.502361,30,5,5
2023-08-12 11:12:51,200,114.4514,1,3.397942E-30,2,1.502416,30,5,5
2023-08-12 11:12:52,200,113.455,1,3.397942E-30,2,1.503625,30,5,5
2023-08-12 11:12:53,200,112.4398,1,3.397942E-30,2,1.504346,30,5,5
2023-08-12 11:12:54,200,111.4387,1,3.397942E-30,2,1.502982,30,5,5
2023-08-12 11:12:55,200,110.4446,1,3.397942E-30,2,1.502982,30,5,5
2023-08-12 11:12:56,200,109.4307,1,3.397942E-30,2,1.503215,30,5,5
2023-08-12 11:12:57,200,108.4286,1,3.397942E-30,2,1.505793,30,5,5
2023-08-12 11:12:58,200,107.4208,1,3.397942E-30,2,1.505793,30,5,5
2023-08-12 11:12:59,200,106.4213,1,3.397942E-30,2,1.504453,30,5,5
2023-08-12 11:13:00,200,105.4124,1,3.397942E-30,2,1.503562,30,5,5
Timestamp,Score,Time,Life,Score/10s,Life/10s,Reflexes,Ball Speed, Ball Spawn Rate, Life Spawn Rate
2023-08-14 16:49:57,0,0,003417969,1,0,1,1,50488,10,9,9
2023-08-14 16:49:58,0,261,9828,3,0,2,1,50488,30,5,5
2023-08-14 16:49:59,0,260,9779,3,0,2,1,50488,30,5,5
2023-08-14 16:50:00,100,259,9762,3,0,2,1,279234,30,5,5
2023-08-14 16:50:01,100,258,9684,3,0,2,1,279234,30,5,5
2023-08-14 16:50:02,100,257,9657,1,0,2,1,447418,30,5,5
2023-08-14 16:50:03,300,256,9727,1,0,2,1,117714,30,5,5
2023-08-14 16:50:04,400,255,9598,1,0,2,0,7807502,30,5,5
2023-08-14 16:50:05,400,254,9572,1,0,2,0,7807502,30,5,5
2023-08-14 16:50:06,400,253,9561,1,0,2,1,321103,30,5,5
2023-08-14 16:50:07,400,252,9807,1,0,2,1,411803,30,5,5
2023-08-14 16:50:08,400,251,9078,1,0,2,1,459136,30,5,5
2023-08-14 16:50:09,400,250,9288,1,0,2,1,459136,30,5,5
2023-08-14 16:50:10,400,249,7891,1,0,2,1,48323,30,5,5
2023-08-14 16:50:11,400,248,7851,1,0,2,1,499401,30,5,5
2023-08-14 16:50:12,400,247,7781,1,0,2,1,500402,30,5,5
2023-08-14 16:50:13,400,246,7803,1,0,2,1,503177,30,5,5
2023-08-14 16:50:14,400,245,7718,1,0,2,1,502077,30,5,5
2023-08-14 16:50:15,400,244,7687,1,0,2,1,502077,30,5,5
2023-08-14 16:50:16,400,243,7714,1,0,2,1,501114,30,5,5
2023-08-14 16:50:17,400,242,7597,1,0,2,1,502068,30,5,5
Timestamp,Score,Time,Life,Score/10s,Life/10s,Reflexes,Ball Speed, Ball Spawn Rate, Life Spawn Rate
2023-08-22 12:49:22,0,3,051758E-05,1,0,1,1,503174,50,2,2
2023-08-22 12:49:24,0,299,003,3,0,1,1,503174,30,5,5
2023-08-22 12:49:25,0,298,0008,3,0,2,1,503174,30,5,5
2023-08-22 12:49:26,0,296,994,2,0,2,5,1,503021,30,5,5
2023-08-22 12:49:27,0,295,9878,1,0,2,25,1,504822,30,5,5
2023-08-22 12:49:28,0,294,9931,1,0,1,625,1,504181,30,5,5
2023-08-22 12:49:29,0,293,9845,1,0,1,3125,1,502007,30,5,5
2023-08-22 12:49:30,0,292,9828,1,0,1,15625,1,503048,30,5,5
2023-08-22 12:49:31,0,291,9816,1,0,1,078125,1,50218,30,5,5
2023-08-22 12:49:32,0,290,9828,1,0,1,039063,1,505397,30,5,5
2023-08-22 12:49:33,0,289,9836,1,0,1,019531,1,505781,30,5,5
2023-08-22 12:49:34,0,288,9724,1,0,1,009766,1,503821,30,5,5
2023-08-22 12:49:35,0,287,968,1,0,1,004883,1,502718,30,5,5
2023-08-22 12:49:36,0,286,9717,1,0,1,002441,1,503709,30,5,5
2023-08-22 12:49:37,0,285,9633,1,0,1,001221,1,505044,30,5,5
2023-08-22 12:49:38,0,284,9583,1,0,1,00061,1,50403,30,5,5
2023-08-22 12:49:39,0,283,9621,1,0,1,000305,1,503037,30,5,5
2023-08-22 12:49:40,0,282,9539,1,0,1,000153,1,50298,30,5,5
2023-08-22 12:49:41,0,281,9527,1,0,1,000076,1,504613,30,5,5
2023-08-22 12:49:42,0,280,9531,1,0,1,000038,1,502779,30,5,5
2023-08-22 12:49:43,0,279,9447,1,0,1,000019,1,505433,30,5,5
2023-08-22 12:49:44,0,278,9403,1,0,1,00001,1,496414,30,5,5
2023-08-22 12:49:45,0,277,9483,1,0,1,000005,1,496414,30,5,5
2023-08-22 12:49:46,0,276,9314,1,0,1,000002,1,496414,30,5,5
2023-08-22 12:49:47,0,275,9333,1,0,1,000001,1,499443,30,5,5
2023-08-22 12:49:48,0,274,934,1,0,1,000001,1,501659,30,5,5
2023-08-22 12:49:49,0,273,9226,1,0,1,1,501659,30,5,5
2023-08-22 12:49:50,0,272,9195,1,0,1,1,50382,30,5,5
2023-08-22 12:49:51,0,271,9138,1,0,1,1,50464,30,5,5
2023-08-22 12:49:52,0,270,9121,1,0,1,1,504105,30,5,5
2023-08-22 12:49:53,0,269,904,1,0,1,1,502297,30,5,5
2023-08-22 12:49:54,0,268,899,1,0,1,1,503544,30,5,5
2023-08-22 12:49:55,0,267,8983,1,0,1,1,504594,30,5,5
2023-08-22 12:49:56,0,266,8936,1,0,1,1,503987,30,5,5
2023-08-22 12:49:57,0,265,8915,1,0,1,1,503881,30,5,5
2023-08-22 12:49:58,0,264,8909,1,0,1,1,503881,30,5,5
2023-08-22 12:49:59,0,263,8832,1,0,1,1,502566,30,5,5
2023-08-22 12:50:00,0,262,8794,1,0,1,1,503022,30,5,5
2023-08-22 12:50:01,0,261,8824,1,0,1,1,503022,30,5,5
2023-08-22 12:50:02,0,260,8806,1,0,1,1,502793,30,5,5
2023-08-22 12:50:03,0,259,8707,1,0,1,1,501839,30,5,5
2023-08-22 12:50:04,0,258,8673,1,0,1,1,50388,30,5,5
2023-08-22 12:50:05,0,257,8732,1,0,1,1,503716,30,5,5
2023-08-22 12:50:06,0,256,8628,1,0,1,1,503109,30,5,5
2023-08-22 12:50:07,0,255,8576,1,0,1,1,503109,30,5,5
2023-08-22 12:50:08,0,254,8513,1,0,1,1,504515,30,5,5
2023-08-22 12:50:09,0,253,8483,1,0,1,1,50302,30,5,5
2023-08-22 12:50:10,0,252,8522,1,0,1,1,504333,30,5,5
2023-08-22 12:50:11,0,251,8436,1,0,1,1,504333,30,5,5
2023-08-22 12:50:12,0,250,8418,1,0,1,1,503845,30,5,5
2023-08-22 12:50:13,0,249,8389,1,0,1,1,50444,30,5,5
2023-08-22 12:50:14,0,248,834,1,0,1,1,506832,30,5,5
2023-08-22 12:50:15,200,247,8325,1,0,1,1,019016,30,5,5
2023-08-22 12:50:16,300,246,8332,1,100,1,0,8961114,30,5,5
2023-08-22 12:50:17,300,245,8331,1,100,1,0,8961114,30,5,5
2023-08-22 12:50:18,300,244,8198,1,50,1,1,34976,30,5,5
2023-08-22 12:50:19,300,243,814,1,25,1,1,427856,30,5,5
2023-08-22 12:50:20,300,242,8077,1,12,5,1,1,465225,30,5,5
2023-08-22 12:50:21,300,241,8024,1,6,25,1,1,492565,30,5,5
2023-08-22 12:50:22,300,240,7992,1,3,125,1,1,499057,30,5,5
2023-08-22 12:50:23,300,239,7939,1,1,5625,1,1,503435,30,5,5
2023-08-22 12:50:24,300,238,7917,1,0,78125,1,1,502587,30,5,5
2023-08-22 12:50:25,300,237,7923,1,0,390625,1,1,502587,30,5,5
2023-08-22 12:50:26,300,236,7838,1,0,1953125,1,1,503004,30,5,5
2023-08-22 12:50:27,300,235,7804,1,0,09765625,1,1,504665,30,5,5
2023-08-22 12:50:28,300,234,7817,1,0,04882813,1,1,503638,30,5,5
2023-08-22 12:50:29,300,233,7814,1,0,02441406,1,1,503116,30,5,5
2023-08-22 12:50:30,300,232,7721,1,0,01220703,1,1,503686,30,5,5
2023-08-22 12:50:31,300,231,769,1,0,006103516,1,1,503462,30,5,5
2023-08-22 12:50:32,300,230,7627,1,0,003051758,1,1,506244,30,5,5
2023-08-22 12:50:33,300,229,7607,1,0,001525879,1,1,504022,30,5,5
2023-08-22 12:50:34,300,228,7538,1,0,0007629395,1,1,503455,30,5,5
2023-08-22 12:50:35,300,227,7515,1,0,0003814697,1,1,502841,30,5,5
2023-08-22 12:50:36,300,226,7527,1,0,0001907349,1,1,500825,30,5,5
2023-08-22 12:50:37,300,225,7416,1,9,536743E-05,1,1,503724,30,5,5
2023-08-22 12:50:38,300,224,7396,1,4,768372E-05,1,1,502548,30,5,5
2023-08-22 12:50:39,300,223,7434,1,2,384186E-05,1,1,502548,30,5,5
2023-08-22 12:50:40,300,222,7412,1,1,192093E-05,1,1,502312,30,5,5
2023-08-22 12:50:41,300,221,73,1,5,960464E-06,1,1,501081,30,5,5
2023-08-22 12:50:42,300,220,724,1,2,980232E-06,1,1,501081,30,5,5
2023-08-22 12:50:43,300,219,7175,1,1,490116E-06,1,1,500831,30,5,5
2023-08-22 12:50:44,300,218,7238,1,7,450581E-07,1,1,502094,30,5,5
2023-08-22 12:50:45,300,217,7123,1,3,72529E-07,1,1,502094,30,5,5
2023-08-22 12:50:46,300,216,705,1,1,862645E-07,1,1,502126,30,5,5
2023-08-22 12:50:47,300,215,7031,1,9,313226E-08,1,1,502126,30,5,5
2023-08-22 12:50:48,300,214,7,1,4,656613E-08,1,1,5021,30,5,5
2023-08-22 12:50:49,300,213,7033,1,2,328306E-08,1,1,502149,30,5,5
2023-08-22 12:50:50,300,212,6933,1,1,164153E-08,1,1,504279,30,5,5
2023-08-22 12:50:51,300,211,6922,1,5,820766E-09,1,1,504279,30,5,5
2023-08-22 12:50:52,300,210,6917,1,2,910383E-09,1,1,50226,30,5,5
2023-08-22 12:50:53,300,209,6905,1,1,455192E-09,1,1,503586,30,5,5
2023-08-22 12:50:54,300,208,6921,1,7,275958E-10,1,1,501995,30,5,5
2023-08-22 12:50:55,300,207,6805,1,3,637979E-10,1,1,502645,30,5,5
2023-08-22 12:50:56,300,206,6796,1,1,818989E-10,1,1,502645,30,5,5
2023-08-22 12:50:57,300,205,6779,1,9,094947E-11,1,1,504919,30,5,5
2023-08-22 12:50:58,300,204,6746,1,4,547474E-11,1,1,503039,30,5,5
2023-08-22 12:50:59,300,203,6718,1,2,273737E-11,1,1,502283,30,5,5
2023-08-22 12:51:00,300,202,6718,1,1,136868E-11,1,1,503363,30,5,5
2023-08-22 12:51:01,300,201,6711,1,5,684342E-12,1,1,503363,30,5,5
2023-08-22 12:51:02,300,200,6609,1,2,842171E-12,1,1,501895,30,5,5
2023-08-22 12:51:03,300,199,661,1,1,421085E-12,1,1,502107,30,5,5
2023-08-22 12:51:04,300,198,6492,1,7,105427E-13,1,1,502107,30,5,5
2023-08-22 12:51:05,300,197,6528,1,3,552714E-13,1,1,502579,30,5,5
2023-08-22 12:51:06,300,196,6422,1,1,776357E-13,1,1,501332,30,5,5
2023-08-22 12:51:07,300,195,6374,1,8,881784E-14,1,1,502942,30,5,5
2023-08-22 12:51:08,300,194,6313,1,4,440892E-14,1,1,505725,30,5,5
2023-08-22 12:51:09,300,193,6295,1,2,220446E-14,1,1,505823,30,5,5
2023-08-22 12:51:10,300,192,6344,1,1,110223E-14,1,1,504193,30,5,5
2023-08-22 12:51:11,300,191,6214,1,5,551115E-15,1,1,505423,30,5,5
2023-08-22 12:51:12,300,190,6211,1,2,775558E-15,1,1,503416,30,5,5
2023-08-22 12:51:13,300,189,6234,1,1,387779E-15,1,1,503416,30,5,5
2023-08-22 12:51:14,300,188,6118,1,6,938894E-16,1,1,505309,30,5,5
2023-08-22 12:51:15,300,187,6126,1,3,469447E-16,1,1,505127,30,5,5
2023-08-22 12:51:16,300,186,5995,1,1,734723E-16,1,1,505127,30,5,5
2023-08-22 12:51:17,300,185,5933,1,8,673617E-17,1,1,504715,30,5,5
2023-08-22 12:51:18,300,184,5895,1,4,336809E-17,1,1,503426,30,5,5
2023-08-22 12:51:19,300,183,5941,1,2,168404E-17,1,1,504459,30,5,5
2023-08-22 12:51:20,300,182,5825,1,1,084202E-17,1,1,503054,30,5,5
2023-08-22 12:51:21,300,181,5782,1,5,421011E-18,1,1,503054,30,5,5
2023-08-22 12:51:22,300,180,5724,1,2,710505E-18,1,1,50232,30,5,5
2023-08-22 12:51:23,300,179,5726,1,1,355253E-18,1,1,502411,30,5,5
2023-08-22 12:51:24,300,178,5725,1,6,776264E-19,1,1,501755,30,5,5
2023-08-22 12:51:25,300,177,5603,1,3,388132E-19,1,1,503899,30,5,5
2023-08-22 12:51:26,300,176,5544,1,1,694066E-19,1,1,503899,30,5,5
2023-08-22 12:51:27,300,175,5529,1,8,470329E-20,1,1,504696,30,5,5
2023-08-22 12:51:28,300,174,5536,1,4,235165E-20,1,1,503386,30,5,5
2023-08-22 12:51:29,300,173,5433,1,2,117582E-20,1,1,503501,30,5,5
2023-08-22 12:51:30,300,172,5426,1,1,058791E-20,1,1,502478,30,5,5
2023-08-22 12:51:31,300,171,5414,1,5,293956E-21,1,1,50419,30,5,5
2023-08-22 12:51:32,300,170,5397,1,2,646978E-21,1,1,504231,30,5,5
2023-08-22 12:51:33,300,169,5385,1,1,323489E-21,1,1,503703,30,5,5
2023-08-22 12:51:34,300,168,5419,1,6,617445E-22,1,1,501383,30,5,5
2023-08-22 12:51:35,300,167,5335,1,3,308722E-22,1,1,500814,30,5,5
2023-08-22 12:51:36,300,166,5322,1,1,654361E-22,1,1,503733,30,5,5
2023-08-22 12:51:37,300,165,5334,1,8,271806E-23,1,1,504504,30,5,5
2023-08-22 12:51:38,300,164,5211,1,4,135903E-23,1,1,502374,30,5,5
2023-08-22 12:51:39,300,163,5188,1,2,067952E-23,1,1,502058,30,5,5
2023-08-22 12:51:40,300,162,5135,1,1,033976E-23,1,1,501578,30,5,5
2023-08-22 12:51:41,300,161,5103,1,5,169879E-24,1,1,501578,30,5,5
2023-08-22 12:51:42,300,160,5119,1,2,584939E-24,1,1,504149,30,5,5
2023-08-22 12:51:43,300,159,5017,1,1,29247E-24,1,1,50534,30,5,5
2023-08-22 12:51:44,300,158,5031,1,6,462349E-25,1,1,505752,30,5,5
2023-08-22 12:51:45,300,157,49,1,3,231174E-25,1,1,502399,30,5,5
2023-08-22 12:51:46,300,156,4931,1,1,615587E-25,1,1,504903,30,5,5
2023-08-22 12:51:47,300,155,482,1,8,077936E-26,1,1,503794,30,5,5
2023-08-22 12:51:48,300,154,4788,1,4,038968E-26,1,1,504794,30,5,5
2023-08-22 12:51:49,300,153,4832,1,2,019484E-26,1,1,504503,30,5,5
2023-08-22 12:51:50,300,152,4808,1,1,009742E-26,1,1,504503,30,5,5
2023-08-22 12:51:51,300,151,469,1,5,04871E-27,1,1,504503,30,5,5
2023-08-22 12:51:52,300,150,469,1,2,524355E-27,1,1,503597,30,5,5
2023-08-22 12:51:53,300,149,4725,1,1,262177E-27,1,1,504667,30,5,5
2023-08-22 12:51:54,300,148,4715,1,6,310887E-28,1,1,504667,30,5,5
2023-08-22 12:51:55,300,147,4638,1,3,155444E-28,1,1,502944,30,5,5
2023-08-22 12:51:56,300,146,4627,1,1,577722E-28,1,1,502449,30,5,5
2023-08-22 12:51:57,300,145,4575,1,7,888609E-29,1,1,503483,30,5,5
2023-08-22 12:51:58,300,144,4494,1,3,944305E-29,1,1,503755,30,5,5
2023-08-22 12:51:59,300,143,4441,1,1,972152E-29,1,1,503136,30,5,5
2023-08-22 12:52:00,300,142,4441,1,9,860761E-30,1,1,505728,30,5,5
2023-08-22 12:52:01,300,141,4422,1,4,930381E-30,1,1,502531,30,5,5
2023-08-22 12:52:02,300,140,4426,1,2,46519E-30,1,1,503646,30,5,5
2023-08-22 12:52:03,300,139,4332,1,1,232595E-30,1,1,501323,30,5,5
2023-08-22 12:52:04,300,138,434,1,6,162976E-31,1,1,50262,30,5,5
2023-08-22 12:52:05,300,137,4196,1,3,081488E-31,1,1,50366,30,5,5
2023-08-22 12:52:06,300,136,4209,1,1,540744E-31,1,1,503386,30,5,5
2023-08-22 12:52:07,300,135,4132,1,7,70372E-32,1,1,504196,30,5,5
2023-08-22 12:52:08,300,134,4091,1,3,85186E-32,1,1,504196,30,5,5
2023-08-22 12:52:09,300,133,4025,1,1,92593E-32,1,1,504196,30,5,5
2023-08-22 12:52:10,300,132,4025,1,9,62965E-33,1,1,504196,30,5,5
2023-08-22 12:52:11,300,131,403,1,4,814825E-33,1,1,504196,30,5,5
2023-08-22 12:52:12,300,130,3941,1,2,407412E-33,1,1,504196,30,5,5
2023-08-22 12:52:13,300,129,3914,1,1,203706E-33,1,1,503959,30,5,5
2023-08-22 12:52:14,300,128,3899,1,6,018531E-34,1,1,503959,30,5,5
2023-08-22 12:52:15,300,127,3875,1,3,009266E-34,1,1,50497,30,5,5
2023-08-22 12:52:16,300,126,3823,1,1,504633E-34,1,1,506278,30,5,5
2023-08-22 12:52:17,300,125,3836,1,7,523164E-35,1,1,504634,30,5,5
2023-08-22 12:52:18,300,124,3814,1,3,761582E-35,1,1,504362,30,5,5
2023-08-22 12:52:19,300,123,3686,1,1,880791E-35,1,1,50489,30,5,5
2023-08-22 12:52:20,300,122,365,1,9,403955E-36,1,1,506121,30,5,5
2023-08-22 12:52:21,300,121,3625,1,4,701977E-36,1,1,503854,30,5,5
2023-08-22 12:52:22,300,120,3613,1,2,350989E-36,1,1,504551,30,5,5
2023-08-22 12:52:23,300,119,3625,1,1,175494E-36,1,1,504717,30,5,5
2023-08-22 12:52:24,300,118,3549,1,5,877472E-37,1,1,50182,30,5,5
2023-08-22 12:52:25,300,117,3494,1,2,938736E-37,1,1,502881,30,5,5
2023-08-22 12:52:26,300,116,3488,1,1,469368E-37,1,1,50315,30,5,5
2023-08-22 12:52:27,300,115,353,1,7,34684E-38,1,1,502338,30,5,5
2023-08-22 12:52:28,300,114,3459,1,3,67342E-38,1,1,506265,30,5,5
2023-08-22 12:52:29,300,113,3429,1,1,83671E-38,1,1,503865,30,5,5
2023-08-22 12:52:30,300,112,3402,1,9,18355E-39,1,1,501653,30,5,5
2023-08-22 12:52:31,300,111,3373,1,4,591775E-39,1,1,503359,30,5,5
2023-08-22 12:52:32,300,110,3331,1,2,295887E-39,1,1,50229,30,5,5
2023-08-22 12:52:33,300,109,3322,1,1,147944E-39,1,1,503983,30,5,5
2023-08-22 12:52:34,300,108,3304,1,5,739719E-40,1,1,503945,30,5,5
2023-08-22 12:52:35,300,107,3299,1,2,869859E-40,1,1,502216,30,5,5
2023-08-22 12:52:36,300,106,3291,1,1,43493E-40,1,1,502216,30,5,5
2023-08-22 12:52:37,300,105,3228,1,7,174648E-41,1,1,501444,30,5,5
2023-08-22 12:52:38,300,104,3202,1,3,587324E-41,1,1,501912,30,5,5
2023-08-22 12:52:39,300,103,3192,1,1,793662E-41,1,1,503458,30,5,5
2023-08-22 12:52:40,300,102,3221,1,8,96831E-42,1,1,504934,30,5,5
2023-08-22 12:52:41,300,101,313,1,4,484155E-42,1,1,505183,30,5,5
2023-08-22 12:52:42,300,100,3087,1,2,242078E-42,1,1,505094,30,5,5
2023-08-22 12:52:43,300,99,30301,1,1,121039E-42,1,1,505094,30,5,5
2023-08-22 12:52:44,300,98,29922,1,5,605194E-43,1,1,505416,30,5,5
2023-08-22 12:52:45,300,97,29776,1,2,802597E-43,1,1,505698,30,5,5
2023-08-22 12:52:46,300,96,30338,1,1,401298E-43,1,1,504766,30,5,5
2023-08-22 12:52:47,300,95,30161,1,7,006492E-44,1,1,504519,30,5,5
2023-08-22 12:52:48,300,94,28964,1,3,503246E-44,1,1,502321,30,5,5
2023-08-22 12:52:49,300,93,2916,1,1,681558E-44,1,1,502321,30,5,5
2023-08-22 12:52:50,300,92,27817,1,8,407791E-45,1,1,502717,30,5,5
2023-08-22 12:52:51,300,91,27798,1,4,203895E-45,1,1,502717,30,5,5
2023-08-22 12:52:52,300,90,28165,1,2,802597E-45,1,1,503197,30,5,5
2023-08-22 12:52:53,300,89,27267,1,1,401298E-45,1,1,50437,30,5,5
2023-08-22 12:52:54,300,88,2684,1,0,1,1,504779,30,5,5
2023-08-22 12:52:55,300,87,26779,1,0,1,1,504465,30,5,5
2023-08-22 12:52:56,300,86,26132,1,0,1,1,504465,30,5,5
2023-08-22 12:52:57,300,85,2579,1,0,1,1,50269,30,5,5
2023-08-22 12:52:58,300,84,25198,1,0,1,1,50269,30,5,5
2023-08-22 12:52:59,300,83,25302,1,0,1,1,502916,30,5,5
2023-08-22 12:53:00,300,82,2421,1,0,1,1,501827,30,5,5
2023-08-22 12:53:01,300,81,23849,1,0,1,1,503341,30,5,5
2023-08-22 12:53:02,300,80,24283,1,0,1,1,504875,30,5,5
2023-08-22 12:53:03,300,79,23038,1,0,1,1,504207,30,5,5
2023-08-22 12:53:04,300,78,233,1,0,1,1,502531,30,5,5
2023-08-22 12:53:05,300,77,22122,1,0,1,1,502531,30,5,5
2023-08-22 12:53:06,300,76,21451,1,0,1,1,501876,30,5,5
2023-08-22 12:53:07,300,75,21182,1,0,1,1,503032,30,5,5
2023-08-22 12:53:08,300,74,21121,1,0,1,1,50289,30,5,5
2023-08-22 12:53:09,300,73,21115,1,0,1,1,504283,30,5,5
2023-08-22 12:53:10,300,72,20963,1,0,1,1,502215,30,5,5
2023-08-22 12:53:11,300,71,2128,1,0,1,1,503427,30,5,5
2023-08-22 12:53:12,300,70,2001,1,0,1,1,503427,30,5,5
2023-08-22 12:53:13,300,69,19315,1,0,1,1,502263,30,5,5
2023-08-22 12:53:14,300,68,19437,1,0,1,1,503268,30,5,5
2023-08-22 12:53:15,300,67,1821,1,0,1,1,503268,30,5,5
2023-08-22 12:53:16,300,66,17953,1,0,1,1,503068,30,5,5
2023-08-22 12:53:17,300,65,18356,1,0,1,1,502572,30,5,5
2023-08-22 12:53:18,300,64,18149,1,0,1,1,501988,30,5,5
2023-08-22 12:53:19,300,63,1705,1,0,1,1,501988,30,5,5
2023-08-22 12:53:20,300,62,16946,1,0,1,1,501988,30,5,5
2023-08-22 12:53:21,300,61,1622,1,0,1,1,502557,30,5,5
2023-08-22 12:53:22,300,60,16312,1,0,1,1,501784,30,5,5
2023-08-22 12:53:23,300,59,1506,1,0,1,1,500766,30,5,5
